{
	"class_name" : "PinholeCameraParameters",
	"extrinsic" : 
	[
		-0.37244312153684972,
		0.39254435661545434,
		-0.84094889815567664,
		0.0,
		-0.035838614923114527,
		-0.91154879342322948,
		-0.40962713641682424,
		0.0,
		-0.92736277416137436,
		-0.12242436562226422,
		0.35356832409267952,
		0.0,
		412.95306502499125,
		60.841269879201448,
		587.49960684125574,
		1.0
	],
	"intrinsic" : 
	{
		"height" : 1051,
		"intrinsic_matrix" : 
		[
			910.19269937744502,
			0.0,
			0.0,
			0.0,
			910.19269937744502,
			0.0,
			959.5,
			525.0,
			1.0
		],
		"width" : 1920
	},
	"version_major" : 1,
	"version_minor" : 0
}